{
  "accuracy": 0.9055416584014893,
  "loss": 0.25299641489982605,
  "val_accuracy": 0.8960000276565552,
  "val_loss": 0.28764840960502625,
  "learning_rate": 5.0000002374872565e-05,
  "epoch": 37,
  "global_step": 28500
}