{
  "accuracy": 0.902916669845581,
  "loss": 0.25640949606895447,
  "val_accuracy": 0.8858333230018616,
  "val_loss": 0.32484933733940125,
  "epoch": 8,
  "global_step": 13500
}