{
  "accuracy": 0.9225624799728394,
  "loss": 0.20868827402591705,
  "val_accuracy": 0.909166693687439,
  "val_loss": 0.2537749707698822,
  "epoch": 4,
  "global_step": 7500
}