{
  "accuracy": 0.9202499985694885,
  "loss": 0.21881575882434845,
  "val_accuracy": 0.9259166717529297,
  "val_loss": 0.2073042243719101,
  "learning_rate": 1.0000000656873453e-05,
  "epoch": 43,
  "global_step": 33000
}